{"totalBurned":{"1USDC":2985126.936179,"1WBTC":32.536022,"1DAI":1813543.602496,"1USDT":865235.672439,"bscBUSD":793.171773,"1ETH":991.9100440000001,"BUSD":877064.8820780001,"bscBNB":11.739832},"totalStablecoinDisbursed":{"USDS":229907.439481,"1USDC":319999.877581,"OTHERS":193286.83278200004},"time":1709512059,"distributionTokenDisbursed":{"WONE":12104703.217432797}}