{"totalBurned":{"1USDC":3287799.245336,"1WBTC":35.821237,"1DAI":1868631.493564,"1USDT":881726.1427059999,"bscBUSD":793.171773,"1ETH":1050.603575,"BUSD":907355.8878110001,"bscBNB":11.739832},"totalStablecoinDisbursed":{"USDS":229907.439481,"1USDC":319999.877581,"OTHERS":285237.63254200004},"time":1712265217,"distributionTokenDisbursed":{"WONE":14980898.3291595}}