{"totalBurned":{"1USDC":3481968.055657,"1WBTC":36.249555,"1DAI":1868993.920125,"1USDT":928999.8243359999,"bscBUSD":806.171773,"1ETH":1066.590329,"BUSD":924358.1726200002,"bscBNB":30.359832},"totalStablecoinDisbursed":{"USDS":229907.439481,"1USDC":319999.877581,"OTHERS":336702.78167900007},"time":1713389523,"distributionTokenDisbursed":{"WONE":16790616.903431922}}