{"totalBurned":{"1USDC":3913918.119772,"1WBTC":39.622614999999996,"1DAI":2082013.694346,"1USDT":934178.129432,"bscBUSD":18140.171773000002,"1ETH":1097.0067830000003,"BUSD":925174.1726200002,"bscBNB":31.359832},"totalStablecoinDisbursed":{"USDS":229907.439481,"1USDC":319999.877581,"OTHERS":466269.33023300004},"time":1733513533,"distributionTokenDisbursed":{"WONE":24895727.16674307}}