{"totalBurned":{"1USDC":576432.8331790001},"totalStablecoinDisbursed":{"USDS":49954.989187},"time":1668460053}