{"totalBurned":{"1USDC":2949217.686179,"1WBTC":32.112022,"1DAI":1783747.775696,"1USDT":848925.06366,"bscBUSD":793.171773,"1ETH":983.353414,"BUSD":875853.8820780001,"bscBNB":11.739832},"totalStablecoinDisbursed":{"USDS":229907.439481,"1USDC":319999.877581,"OTHERS":178069.98443300003},"time":1709278605,"distributionTokenDisbursed":{"WONE":11511871.799219131}}