{"totalBurned":{"1USDC":601213.370993,"1WBTC":2.150031,"1DAI":6646.957317},"totalStablecoinDisbursed":{"USDS":56135.320255},"time":1669976965}