{"totalBurned":{"1USDC":583970.277062,"1WBTC":1.345341,"1DAI":6645},"totalStablecoinDisbursed":{"USDS":53260.139877},"time":1668507277}