{"totalBurned":{"1USDC":1409449.7597270003,"1WBTC":11.581738000000001,"1DAI":1083390.649038,"1USDT":383167.471395,"bscBUSD":793.171773,"1ETH":407.17851199999996,"BUSD":591526.273043,"bscBNB":11.381332},"totalStablecoinDisbursed":{"USDS":229907.439481,"1USDC":119999.999996},"time":1686878955}