{"totalBurned":{"1USDC":2420191.6864380003,"1WBTC":28.427139999999998,"1DAI":1292617.090339,"1USDT":762351.1993939999,"bscBUSD":793.171773,"1ETH":878.234494,"BUSD":773811.0108700001,"bscBNB":11.739832},"totalStablecoinDisbursed":{"USDS":229907.439481,"1USDC":319999.877581,"OTHERS":29694.902222},"time":1704871898,"distributionTokenDisbursed":{"WONE":2141746.0402527414}}