{"totalBurned":{"1USDC":1750323.2704180004,"1WBTC":17.469331,"1DAI":1243461.990339,"1USDT":552433.471395,"bscBUSD":793.171773,"1ETH":558.777551,"BUSD":739798.6308700001,"bscBNB":11.739832},"totalStablecoinDisbursed":{"USDS":229907.439481,"1USDC":199999.888302},"time":1692814792}