{"totalBurned":{"1USDC":1932968.7816480005,"1WBTC":27.78099,"1DAI":1269607.090339,"1USDT":684568.490394,"bscBUSD":793.171773,"1ETH":758.130429,"BUSD":764847.6308700001,"bscBNB":11.739832},"totalStablecoinDisbursed":{"USDS":229907.439481,"1USDC":279999.888218},"time":1697223127}