{"totalBurned":{"1USDC":601213.370993},"totalStablecoinDisbursed":{"USDS":52403.766318},"time":1669976951}