{"totalBurned":{"1USDC":3295225.475336,"1WBTC":35.821237,"1DAI":1868631.493564,"1USDT":881726.1427059999,"bscBUSD":806.171773,"1ETH":1051.456535,"BUSD":907360.6878110002,"bscBNB":11.739832},"totalStablecoinDisbursed":{"USDS":229907.439481,"1USDC":319999.877581,"OTHERS":286667.50972200005},"time":1712265237,"distributionTokenDisbursed":{"WONE":15026856.554955209}}