{"totalBurned":{"1USDC":901612.871597,"1WBTC":9.248954000000001,"1DAI":732558.60595,"1USDT":267863.620122,"bscBUSD":793.171773,"1ETH":2.20478,"BUSD":399558.645157},"totalStablecoinDisbursed":{"USDS":229907.439481},"time":1679511778}