{"totalBurned":{"1USDC":2838914.052577,"1WBTC":31.380022,"1DAI":1729884.775696,"1USDT":840356.3337,"bscBUSD":793.171773,"1ETH":978.085334,"BUSD":867453.8820780001,"bscBNB":11.739832},"totalStablecoinDisbursed":{"USDS":229907.439481,"1USDC":319999.877581,"OTHERS":155367.30146000002},"time":1707710251,"distributionTokenDisbursed":{"WONE":10283341.019330576}}