{"totalBurned":{"1USDC":2698003.3254960002,"1WBTC":28.60289,"1DAI":1461201.233686,"1USDT":808399.1093939999,"bscBUSD":793.171773,"1ETH":895.234494,"BUSD":779811.0108700001,"bscBNB":11.739832},"totalStablecoinDisbursed":{"USDS":229907.439481,"1USDC":319999.877581,"OTHERS":84230.19203},"time":1705731711,"distributionTokenDisbursed":{"WONE":5301380.412427586}}