{"totalBurned":{"1USDC":2969755.936179,"1WBTC":32.216022,"1DAI":1789747.775696,"1USDT":848925.06366,"bscBUSD":793.171773,"1ETH":983.353414,"BUSD":875853.8820780001,"bscBNB":11.739832},"totalStablecoinDisbursed":{"USDS":229907.439481,"1USDC":319999.877581,"OTHERS":182178.98854700004},"time":1709405750,"distributionTokenDisbursed":{"WONE":11676769.064033885}}