{"totalBurned":{"1USDC":2929086.332979,"1WBTC":31.980022,"1DAI":1783247.775696,"1USDT":848925.06366,"bscBUSD":793.171773,"1ETH":982.085334,"BUSD":875853.8820780001,"bscBNB":11.739832},"totalStablecoinDisbursed":{"USDS":229907.439481,"1USDC":319999.877581,"OTHERS":174874.16143400004},"time":1709095670,"distributionTokenDisbursed":{"WONE":11370718.091380399}}