{"totalBurned":{"1USDC":3027982.6847429997,"1WBTC":32.984494000000005,"1DAI":1859251.146364,"1USDT":881214.712706,"bscBUSD":793.171773,"1ETH":999.7458520000001,"BUSD":884787.0804060001,"bscBNB":11.739832},"totalStablecoinDisbursed":{"USDS":229907.439481,"1USDC":319999.877581,"OTHERS":215059.31092300004},"time":1709578456,"distributionTokenDisbursed":{"WONE":12862236.55476159}}