{"totalBurned":{"1USDC":3498472.783841,"1WBTC":36.260855,"1DAI":2001061.920125,"1USDT":929911.669682,"bscBUSD":806.171773,"1ETH":1066.6390090000002,"BUSD":924358.1726200002,"bscBNB":30.359832},"totalStablecoinDisbursed":{"USDS":229907.439481,"1USDC":319999.877581,"OTHERS":359167.3999070001},"time":1716354449,"distributionTokenDisbursed":{"WONE":17908815.897601176}}