{"totalBurned":{"1USDC":619814.672533,"1WBTC":2.150031,"1DAI":476295.134219,"1USDT":31385.121873,"bscBUSD":793.171773},"totalStablecoinDisbursed":{"USDS":105638.318309},"time":1670479851}