{"totalBurned":{"1USDC":583970.277062},"totalStablecoinDisbursed":{"USDS":50692.200506},"time":1668507196}