{"totalBurned":{"1USDC":580015.8331790001},"totalStablecoinDisbursed":{"USDS":50310.649035},"time":1668481990}