{"totalBurned":{"1USDC":2125989.9416480004,"1WBTC":28.427139999999998,"1DAI":1292607.090339,"1USDT":755029.5993939999,"bscBUSD":793.171773,"1ETH":877.951599,"BUSD":773228.9408700002,"bscBNB":11.739832},"totalStablecoinDisbursed":{"USDS":229907.439481,"1USDC":319999.877581},"time":1700337172}