{"totalBurned":{"1USDC":1055955.339637,"1WBTC":11.245619000000001,"1DAI":794462.601882,"1USDT":318557.64146199997,"bscBUSD":793.171773,"1ETH":73.577637,"BUSD":480738.573362,"bscBNB":11.139532},"totalStablecoinDisbursed":{"USDS":229907.439481,"1USDC":39999.99533},"time":1681623384}