{"totalBurned":{"1USDC":1839297.7957180005,"1WBTC":22.759829,"1DAI":1255461.990339,"1USDT":632026.3893939999,"bscBUSD":793.171773,"1ETH":625.106541,"BUSD":760141.6308700001,"bscBNB":11.739832},"totalStablecoinDisbursed":{"USDS":229907.439481,"1USDC":239999.8883},"time":1695332036}