{"totalBurned":{"1USDC":3257809.0283359997,"1WBTC":35.821237,"1DAI":1867131.493564,"1USDT":881516.0427059999,"bscBUSD":793.171773,"1ETH":1049.7780750000002,"BUSD":901867.8878110001,"bscBNB":11.739832},"totalStablecoinDisbursed":{"USDS":229907.439481,"1USDC":319999.877581,"OTHERS":278593.626928},"time":1710571274,"distributionTokenDisbursed":{"WONE":14780317.85931458}}