{"totalBurned":{"1USDC":590672.694495},"totalStablecoinDisbursed":{"USDS":51349.698673},"time":1668543643}