{"totalBurned":{"1USDC":590672.694495,"1WBTC":2.149378,"1DAI":6646.957317},"totalStablecoinDisbursed":{"USDS":55079.906566},"time":1668543653}