{"totalBurned":{"1USDC":1221555.7596260002,"1WBTC":11.275619,"1DAI":936030.505962,"1USDT":358260.471395,"bscBUSD":793.171773,"1ETH":270.533331,"BUSD":480738.573362,"bscBNB":11.381332},"totalStablecoinDisbursed":{"USDS":229907.439481,"1USDC":80000.127095},"time":1686878917}