{"totalBurned":{"1USDC":3325215.692336,"1WBTC":35.821237,"1DAI":1870131.493564,"1USDT":881936.2427059999,"bscBUSD":806.171773,"1ETH":1052.282035,"BUSD":912848.6878110002,"bscBNB":11.739832},"totalStablecoinDisbursed":{"USDS":229907.439481,"1USDC":319999.877581,"OTHERS":293311.51533600007},"time":1713243542,"distributionTokenDisbursed":{"WONE":15227437.02480013}}