{"totalBurned":{"1USDC":619814.672533,"1WBTC":2.150031,"1DAI":425918.922715,"1USDT":31027.172644,"bscBUSD":793.171773},"totalStablecoinDisbursed":{"USDS":100645.220103},"time":1670391990}