{"totalBurned":{"1USDC":837537.252815,"1WBTC":7.448584,"1DAI":608914.092203,"1USDT":198673.039954,"bscBUSD":793.171773,"1ETH":2.20478,"1BUSD":260572.579466},"totalStablecoinDisbursed":{"USDS":189923.43967},"time":1676002618}