{"totalBurned":{"1USDC":2928586.332979,"1WBTC":31.980022,"1DAI":1783247.775696,"1USDT":848915.2636599999,"bscBUSD":793.171773,"1ETH":982.085334,"BUSD":875853.8820780001,"bscBNB":11.739832},"totalStablecoinDisbursed":{"USDS":229907.439481,"1USDC":319999.877581,"OTHERS":174814.51483400003},"time":1708884280,"distributionTokenDisbursed":{"WONE":11368075.271318763}}