{"totalBurned":{"1USDC":1627576.1054180004,"1WBTC":14.950130000000001,"1DAI":1153590.538095,"1USDT":420022.471395,"bscBUSD":793.171773,"1ETH":523.398414,"BUSD":678776.2492150001,"bscBNB":11.739832},"totalStablecoinDisbursed":{"USDS":229907.439481,"1USDC":159999.888339},"time":1689317475}