{"totalBurned":{"1USDC":2823880.122946,"1WBTC":30.980548,"1DAI":1699884.775696,"1USDT":823114.749996,"bscBUSD":793.171773,"1ETH":962.608368,"BUSD":854384.7862630001,"bscBNB":11.739832},"totalStablecoinDisbursed":{"USDS":229907.439481,"1USDC":319999.877581,"OTHERS":144252.609052},"time":1707297284,"distributionTokenDisbursed":{"WONE":9476309.794598294}}