{"totalBurned":{"1USDC":3841199.204517,"1WBTC":37.060855,"1DAI":2035224.694346,"1USDT":934078.129432,"bscBUSD":18140.171773000002,"1ETH":1074.2795830000002,"BUSD":925174.1726200002,"bscBNB":31.359832},"totalStablecoinDisbursed":{"USDS":229907.439481,"1USDC":319999.877581,"OTHERS":427143.54648500006},"time":1732748747,"distributionTokenDisbursed":{"WONE":23265486.203326926}}