{"totalBurned":{"tqONE":244004519.903008},"totalStablecoinDisbursed":{"1USDC":5750.119034},"time":1709595121,"distributionTokenDisbursed":{}}