{"totalBurned":{"tqONE":7479.60245},"totalStablecoinDisbursed":{"1USDC":0.177714},"time":1694733099}